target_index,method,source_dl1,source_dl2,source_dl3,target_x,target_y,target_z,ik_dl1,ik_dl2,ik_dl3,ik_dl_norm,ik_forward_x,ik_forward_y,ik_forward_z,ik_residual_norm,reached_x,reached_y,reached_z,err_x,err_y,err_z,err_norm,active_tendons,active_set,solver,nfev,success
0,PCC IK,8.585979199113824,0.0,6.973680290593639,42.58243241460776,38.25399928485052,87.65004929475532,9.040880731798056,0.0,7.074267215946494,11.479668159368229,42.215814108188454,37.9246471015884,87.14339512939712,0.7068099366138683,42.74629648350874,40.93921424048143,85.7049359569149,0.1638640689009847,2.6852149556309044,-1.945113337840425,3.319743467207276,1 3,1 3,scipy.least_squares,5,True
0,PCC+NN IK,8.585979199113824,0.0,6.973680290593639,42.58243241460776,38.25399928485052,87.65004929475532,8.589687837343185,0.0,6.977299938407133,11.066410961711915,42.55475015266914,38.22942539494818,87.61157851612865,0.05338711922470753,42.60093380507243,38.26609334727236,87.62894880913682,0.01850139046467092,0.012094062421837748,-0.021100485618504194,0.03055811329788255,1 3,1 3,scipy.least_squares,16,True
1,PCC IK,0.0,9.756223516367559,0.0,-56.682420626713686,-29.960185483311555,78.30411160174567,0.3254283453370516,9.999999999999998,0.0,10.005293779192533,-56.128984579057786,-30.296912673890358,79.316046977157,1.2015364595920253,-57.96098049257213,-28.54430384725536,77.64450759018871,-1.2785598658584476,1.415881636056195,-0.659604011556965,2.018542441953396,1 2,1 2,scipy.least_squares,13,True
1,PCC+NN IK,0.0,9.756223516367559,0.0,-56.682420626713686,-29.960185483311555,78.30411160174567,0.0,9.760193289719819,0.0,9.760193289719819,-56.68824886412321,-29.9535421101488,78.30601356156531,0.009039923087997368,-56.699392969424416,-29.968206143795236,78.27908868967972,-0.016972342710730004,-0.00802066048368033,-0.025022912065949754,0.03128158467765332,2,2,scipy.least_squares,16,True
2,PCC IK,0.0,1.2811363267554587,4.503859378955672,21.040685598554038,-20.979900249308226,104.7504613914916,0.0,1.2098642200380756,4.538023747106052,4.696533930488184,20.97001025971003,-20.909429102940752,104.49193107022347,0.27712652887455846,21.70655497491129,-20.825132134815973,104.61223935684092,0.6658693763572501,0.1547681144922528,-0.13822203465068128,0.6974528847863878,2 3,2 3,scipy.least_squares,7,True
2,PCC+NN IK,0.0,1.2811363267554587,4.503859378955672,21.040685598554038,-20.979900249308226,104.7504613914916,0.0,1.277762162178715,4.497624554341591,4.675607209220212,21.03375412503269,-20.972645891518734,104.72505109517772,0.027319483722688692,21.023099502434732,-20.944384756485142,104.76511223876541,-0.01758609611930595,0.03551549282308386,0.014650847273813383,0.04225243582356636,2 3,2 3,scipy.least_squares,19,True
3,PCC IK,0.0,0.0,9.267649888486018,54.54532154456724,-30.70308094219573,81.32394894428478,0.12019678824014499,0.0,9.598902152750245,9.59965467118357,54.32071428369967,-30.57665144972624,81.10935909454642,0.3353828287364384,56.09580790871672,-30.763598600598293,79.61664097914638,1.550486364149485,-0.06051765840256351,-1.7073079651383978,2.307069751918445,1 3,1 3,scipy.least_squares,5,True
3,PCC+NN IK,0.0,0.0,9.267649888486018,54.54532154456724,-30.70308094219573,81.32394894428478,0.0,3.4831657804942583e-16,9.270389242481551,9.270389242481551,54.54090937916018,-30.733000245145927,81.3332932098779,0.031653549438879304,54.55724811159606,-30.70996674888032,81.30735499865867,0.011926567028822888,-0.006885806684589824,-0.016593945626112827,0.02156423813244827,3,2 3,scipy.least_squares,29,True
4,PCC IK,4.4341419882733115,0.0,2.272387217847769,14.755492967471657,25.25497072188554,105.18792993922655,4.591924974460384,0.0,2.3165123700727053,5.143151225831578,14.6626999477981,25.096149510128182,104.70108713229206,0.5204331277580881,15.001188713149062,26.261495329845534,104.81152501741504,0.2456957456774056,1.0065246079599923,-0.3764049218115133,1.1023333665624588,1 3,1 3,scipy.least_squares,5,True
4,PCC+NN IK,4.4341419882733115,0.0,2.272387217847769,14.755492967471657,25.25497072188554,105.18792993922655,4.441733565513606,0.0,2.26766316608285,4.9871127219884555,14.757257298260296,25.257943999966802,105.19742545998761,0.010105353046976415,14.722457977372793,25.32750905666342,105.17071006347919,-0.033034990098864014,0.07253833477787808,-0.01721987574735806,0.08154535366244976,1 3,1 3,scipy.least_squares,19,True
5,PCC IK,0.0,0.6381725610417532,8.27631171992582,46.548371585902814,-30.678388438700534,88.52886768853787,0.0,0.5588852646540333,8.456451612165555,8.47489979928641,46.36988757002529,-30.5607559060003,88.29956793873053,0.313484181315338,47.876311537098935,-30.85715280890215,87.38052048050366,1.3279399511961216,-0.17876437020161617,-1.1483472080342096,1.7646763227958555,2 3,2 3,scipy.least_squares,9,True
5,PCC+NN IK,0.0,0.6381725610417532,8.27631171992582,46.548371585902814,-30.678388438700534,88.52886768853787,0.0,0.6482062862115461,8.286421136209558,8.311735476788508,46.56557418658005,-30.690049745970697,88.5519428776329,0.031054466813661023,46.54409762169367,-30.747864934759605,88.49571678052193,-0.004273964209140502,-0.06947649605907102,-0.03315090801594067,0.07709885198229922,2 3,2 3,scipy.least_squares,25,True
6,PCC IK,3.545259681298684,9.706980243949033,0.0,-58.32152709437048,-7.35876942886401,84.79738383913316,3.9013246317460295,9.98474572436593,0.0,10.71986385466308,-58.46670877504974,-7.377087849139979,84.93641067958242,0.2018458503204004,-59.72717960440186,-5.799740415883489,83.47224136122506,-1.4056525100313806,1.5590290129805204,-1.325142477908102,2.482424828474965,1 2,1 2,scipy.least_squares,5,True
6,PCC+NN IK,3.545259681298684,9.706980243949033,0.0,-58.32152709437048,-7.35876942886401,84.79738383913316,3.5448546944558306,9.710150520248813,0.0,10.336973344780079,-58.331583900008916,-7.359951131704273,84.80709430667238,0.014029573802586296,-58.336518379306646,-7.370889655586149,84.779779018741,-0.014991284936165528,-0.012120226722139193,-0.017604820392165266,0.026106861566909157,1 2,1 2,scipy.least_squares,29,True
7,PCC IK,0.0,7.783834970737619,1.9463870785196757,-36.59588907067705,-33.30240437595737,93.15973277591549,0.0,7.8273966674370525,1.750633713851256,8.020776582693058,-36.683014811973045,-33.38168914928704,93.31387196305553,0.1939996368308643,-37.961192096431255,-32.61999505855057,92.71184520994154,-1.3653030257542014,0.6824093174068011,-0.44788756597394297,1.5907036494492797,2 3,2 3,scipy.least_squares,7,True
7,PCC+NN IK,0.0,7.783834970737619,1.9463870785196757,-36.59588907067705,-33.30240437595737,93.15973277591549,0.0,7.782428901003919,1.9343583290520758,8.01922326315674,-36.56581127777708,-33.27497629706941,93.10702057620715,0.06659991843320746,-36.65669936393273,-33.24958828583195,93.15237792165111,-0.06081029325567755,0.05281609012542532,-0.007354854264377764,0.08087969475232203,2 3,2 3,scipy.least_squares,22,True
8,PCC IK,1.5428949206754783,0.0,6.830489532424546,43.369941525505055,-12.815034785241757,96.95036532248838,1.720367033524225,0.0,7.047648076411582,7.254585180352134,43.14123055912602,-12.747454794612592,96.58792756359264,0.43386275519896134,44.66854529456119,-12.26234635884144,96.2257656534737,1.298603769056136,0.5526884264003176,-0.7245996690146796,1.5864680664986122,1 3,1 3,scipy.least_squares,6,True
8,PCC+NN IK,1.5428949206754783,0.0,6.830489532424546,43.369941525505055,-12.815034785241757,96.95036532248838,1.5480512025997952,0.0,6.829536769348413,7.00278765990749,43.36085961771673,-12.812287464640413,96.93595528109735,0.01725335076017084,43.36669742573974,-12.774380014995183,96.96029505637229,-0.0032440997653182535,0.040654770246574046,0.009929733883907943,0.04197539924877773,1 3,1 3,scipy.least_squares,19,True
9,PCC IK,9.6750973243421,3.2582535813815197,0.0,-20.40398049679516,56.076949981889626,84.76097433275773,9.999999999999998,3.4686452374037313,0.0,10.58449336449145,-20.244648687281902,55.70551318382615,84.5764158335817,0.4443126827995381,-21.59534304059729,57.224094892382446,83.11214249578757,-1.1913625438021285,1.1471449104928197,-1.6488318369701602,2.335365620850545,1 2,1 2,scipy.least_squares,9,True
9,PCC+NN IK,9.6750973243421,3.2582535813815197,0.0,-20.40398049679516,56.076949981889626,84.76097433275773,9.668756936569597,3.262761558296147,0.0,10.20443402079497,-20.4110182588048,56.09591144445501,84.78031502006979,0.02798444822443296,-20.431673805428648,56.02781465729224,84.79971753926084,-0.027693308633487845,-0.0491353245973869,0.03874320650311347,0.06842686253587169,1 2,1 2,scipy.least_squares,28,True
10,PCC IK,1.894713590842857,0.0,0.0,0.4072197040343548,14.490646147730315,109.10455987934174,1.9978589669262103,0.0,0.063794819799384,1.998877242544099,0.40533830923787245,14.423698182850602,108.72783604440353,0.38263091545046735,0.8065765143982955,15.02592147916348,109.01003655448324,0.39935681036394066,0.5352753314331657,-0.09452332485849979,0.6744925510094618,1 3,1 3,scipy.least_squares,6,True
10,PCC+NN IK,1.894713590842857,0.0,0.0,0.4072197040343548,14.490646147730315,109.10455987934174,1.8919185917775654,0.0,0.006361097119805109,1.8919292855363739,0.4072202828210384,14.490975532867994,109.10649263368333,0.0019606208835146696,0.44832465873624666,14.447287814753587,109.1120509863497,0.04110495470189185,-0.04335833297672842,0.00749110700796507,0.06021361161539988,1 3,1 3,scipy.least_squares,19,True
11,PCC IK,0.0,4.757049262259337,0.0,-29.852489140261362,-16.356560162261495,102.61844767992326,0.12218816913732018,4.792892473553301,0.0,4.7944497298147795,-29.85683414157578,-16.358940845078255,102.6293252834615,0.011952779836979848,-30.090022395675017,-15.61618489679368,102.6851763262413,-0.23753325541365555,0.7403752654678151,0.06672864631804032,0.7804039296309219,1 2,1 2,scipy.least_squares,5,True
11,PCC+NN IK,0.0,4.757049262259337,0.0,-29.852489140261362,-16.356560162261495,102.61844767992326,0.00888266762692112,4.770137128727509,0.0,4.770145399109852,-29.85058148714584,-16.35546214417978,102.61364996750827,0.00527852522339045,-29.934364335518396,-16.33722514435142,102.58937977252933,-0.0818751952570338,0.019335017910073304,-0.029067907393937276,0.08900749269709139,1 2,1 2,scipy.least_squares,23,True
12,PCC IK,0.0,4.371519188723307,0.0,-27.46166993042118,-15.078198880698862,103.823472589208,0.10750795778043314,4.3885966353736725,0.0,4.3899132552932345,-27.456655362237683,-15.075445560736618,103.80959416223477,0.015011242457987016,-27.57969145739444,-14.374378042509807,103.92130154325494,-0.11802152697325852,0.7038208381890545,0.09782895404694614,0.7203217040657336,1 2,1 2,scipy.least_squares,10,True
12,PCC+NN IK,0.0,4.371519188723307,0.0,-27.46166993042118,-15.078198880698862,103.823472589208,0.00795084323694412,4.3824523647359825,0.0,4.3824595771197,-27.45710101621502,-15.075570489806063,103.81087657208634,0.013654415514314414,-27.53069936852183,-15.058561118327395,103.8019754867395,-0.06902943810064954,0.01963776237146675,-0.02149710246850134,0.07491882573820047,1 2,1 2,scipy.least_squares,27,True
13,PCC IK,0.0,7.002651020022491,3.123666413820411,-24.932578958339615,-35.86508246137105,97.2847741312075,0.0,7.063971488424218,3.0176184551990746,7.681517710090129,-24.969725957684282,-35.91851777359698,97.387739246676,0.1218074183144779,-25.958172286176026,-35.620457151138325,97.02630677606221,-1.025593327836411,0.2446253102327276,-0.2584673551452852,1.085582143453374,2 3,2 3,scipy.least_squares,7,True
13,PCC+NN IK,0.0,7.002651020022491,3.123666413820411,-24.932578958339615,-35.86508246137105,97.2847741312075,0.0,7.006754553147608,3.1086983083215025,7.665416788421599,-24.935147151394663,-35.8687858328484,97.29196767656484,0.00848867897115539,-25.049358521621834,-35.817325254980865,97.2667261444021,-0.11677956328221839,0.047757206390187434,-0.01804798680539932,0.12745174377115628,2 3,2 3,scipy.least_squares,20,True
14,PCC IK,3.874783790301745,0.0,2.883281039302441,18.89595268034295,18.918454979540726,106.07959768183206,4.03789251872549,0.0,2.953712512604947,5.002898519848101,18.779484632168113,18.801848244246173,105.59664979580911,0.5102946184075807,19.322512156954616,19.885265381617256,105.74305158635485,0.42655947661166493,0.9668104020765291,-0.33654609547720327,1.1090259758146102,1 3,1 3,scipy.least_squares,6,True
14,PCC+NN IK,3.874783790301745,0.0,2.883281039302441,18.89595268034295,18.918454979540726,106.07959768183206,3.884317425692674,0.0,2.8828068548842887,4.837199316351105,18.893343359922092,18.915901753273474,106.06847413541132,0.0117072969726033,18.890879818347184,18.991571649694848,106.06350573411724,-0.005072861995767397,0.07311667015412127,-0.016091947714812704,0.07503820469941251,1 3,1 3,scipy.least_squares,20,True
15,PCC IK,0.0,1.397524836093098,1.9990820247510832,4.312401687745214,-12.148481716504184,109.23509433700782,0.0,1.3060968760625122,1.9794526559992904,2.371523111209945,4.299586293115848,-12.112379482293802,108.9923485531442,0.2457501195077101,4.779071870839874,-11.73166919680104,109.2755985145665,0.46667018309466,0.4168125197031447,0.04050417755867386,0.6270201948666346,2 3,2 3,scipy.least_squares,9,True
15,PCC+NN IK,0.0,1.397524836093098,1.9990820247510832,4.312401687745214,-12.148481716504184,109.23509433700782,0.0,1.400857729423254,1.9927820473961255,2.435894633704251,4.315002104571734,-12.15703658568976,109.29064503477208,0.0562656909363975,4.250273472100805,-12.137200723355596,109.23973347526506,-0.0621282156444094,0.011280993148588436,0.004639138257232389,0.06331427634701714,2 3,2 3,scipy.least_squares,23,True
16,PCC IK,0.0,0.0,6.648508565920322,41.53409134847961,-23.19104368599644,95.24788513235262,0.1126361523988775,0.0,6.8494189312463005,6.850344998504998,41.35534090171394,-23.091236273149196,94.95983655441549,0.3533910371384559,42.70760329357724,-23.04528473692473,94.56277579453696,1.17351194509763,0.14575894907170905,-0.6851093378156605,1.366656782547661,1 3,1 3,scipy.least_squares,7,True
16,PCC+NN IK,0.0,0.0,6.648508565920322,41.53409134847961,-23.19104368599644,95.24788513235262,0.0,0.0,6.6548585579847375,6.6548585579847375,41.54381398872639,-23.21974140167707,95.28030492893929,0.044374900894258607,41.56904750399727,-23.211225631794346,95.21916254025058,0.03495615551765496,-0.020181945797904888,-0.0287225921020422,0.04954019622311106,3,3,scipy.least_squares,24,True
17,PCC IK,0.0,7.807290310219679,4.5891577553833995,-20.961670513484687,-43.94241823433593,93.80041080825694,0.0,7.9582854185389635,4.52127655798608,9.152936606178606,-21.003002991356475,-44.029064435067355,93.92940984670379,0.16080015469029726,-22.317212233853798,-44.09206944103982,93.23443249021757,-1.3555417203691107,-0.14965120670388643,-0.5659783180393703,1.4765569057167598,2 3,2 3,scipy.least_squares,7,True
17,PCC+NN IK,0.0,7.807290310219679,4.5891577553833995,-20.961670513484687,-43.94241823433593,93.80041080825694,0.0,7.818217443426803,4.582241290534443,9.06208912102402,-20.97188134647867,-43.964736115267094,93.83346918586471,0.04117287031221729,-21.072389738901695,-43.94575310108812,93.76152404857619,-0.1107192254170073,-0.003334866752190635,-0.03888675968075006,0.11739696883508258,2 3,2 3,scipy.least_squares,23,True
18,PCC IK,1.1453007353597344,6.6840296179047165,0.0,-41.60145695104816,-14.550240288660728,97.06774522074032,1.3399952010484812,6.7983862530669095,0.0,6.9291877435037135,-41.64940826601655,-14.567011407444861,97.14713640343821,0.0942526335050574,-42.307608283906205,-13.560224441735757,96.84024095876315,-0.7061513328580418,0.9900158469249707,-0.22750426197717388,1.237149655974383,1 2,1 2,scipy.least_squares,7,True
18,PCC+NN IK,1.1453007353597344,6.6840296179047165,0.0,-41.60145695104816,-14.550240288660728,97.06774522074032,1.1430202982231752,6.687738400019945,0.0,6.784713723455952,-41.6090489170733,-14.552952587277057,97.080062314203,0.014720913805857851,-41.62226822344246,-14.577589692348713,97.04894925082547,-0.020811272394297475,-0.02734940368798533,-0.018795969914847888,0.039171257648917795,1 2,1 2,scipy.least_squares,21,True
19,PCC IK,5.652361064811888,7.649988574160256,0.0,-47.607968736068955,14.13205271244014,93.30314491724576,5.893188969850313,7.784176775285107,0.0,9.763354152301014,-47.590635397696055,14.126907446369412,93.27952118475943,0.02974893474855268,-48.34307129305987,15.351131248595756,92.47676256180542,-0.7351025569909169,1.2190785361556156,-0.8263823554403444,1.6460364649645627,1 2,1 2,scipy.least_squares,6,True
19,PCC+NN IK,5.652361064811888,7.649988574160256,0.0,-47.607968736068955,14.13205271244014,93.30314491724576,5.65207748705309,7.662327556750089,0.0,9.521409743655829,-47.601864548140256,14.130295342836465,93.29491321677756,0.010397612744807223,-47.67836174980568,14.085779106369925,93.260396883376,-0.07039301373672657,-0.04627360607021558,-0.04274803386975634,0.09446595895564869,1 2,1 2,scipy.least_squares,15,True
20,PCC IK,5.592071607454136,0.0,3.039500980626122,19.40342102184042,31.039735367772636,102.04774652668036,5.79139482836903,0.0,3.0717313752891204,6.5555920937772765,19.269015906155065,30.824726976978557,101.53443316037365,0.5725241962252543,19.532856258664026,32.36621764167186,101.45122482345948,0.12943523682360691,1.3264822738992237,-0.5965217032208727,1.4601872639884137,1 3,1 3,scipy.least_squares,6,True
20,PCC+NN IK,5.592071607454136,0.0,3.039500980626122,19.40342102184042,31.039735367772636,102.04774652668036,5.599491996202504,0.0,3.034692835106595,6.368961549497941,19.414301921779202,31.0575321589289,102.09222329395531,0.049125376193656436,19.3689512827235,31.110085078938518,102.02742374656236,-0.03446973911691842,0.07034971116588196,-0.02032278011799349,0.0809336775862542,1 3,1 3,scipy.least_squares,17,True
21,PCC IK,0.0,4.367173892323624,0.0,-27.434569449030725,-15.06365718927429,103.83646994693733,0.10734975531918911,4.38404919738986,0.0,4.385363307082067,-27.429458724947306,-15.06085101502467,103.8223088819939,0.015314368250368695,-27.551293220031276,-14.360227043238964,103.93459205967663,-0.11672377100055087,0.7034301460353252,0.09812211273930416,0.7197682669278305,1 2,1 2,scipy.least_squares,6,True
21,PCC+NN IK,0.0,4.367173892323624,0.0,-27.434569449030725,-15.06365718927429,103.83646994693733,0.007933899175874093,4.378082897162008,0.0,4.378090086005382,-27.429965593238386,-15.061010116549143,103.82384058607788,0.013700483126045814,-27.503452136102744,-15.044060912292048,103.81504346155779,-0.06888268707201917,0.019596276982241534,-0.02142648537953562,0.07475247772178457,1 2,1 2,scipy.least_squares,26,True
22,PCC IK,8.53403073268166,0.0,0.0,-1.2488571750713147,59.03328732603452,85.62410819140813,8.895259713152086,0.21467006952382892,0.0,8.897849661754007,-1.2403284481972787,58.63013606560328,85.23691972167856,0.5590336206892297,-2.590488122651032,60.41673756722291,84.09163230646665,-1.3416309475797175,1.3834502411883918,-1.5324758849414764,2.462192215744951,1 2,1 2,scipy.least_squares,8,True
22,PCC+NN IK,8.53403073268166,0.0,0.0,-1.2488571750713147,59.03328732603452,85.62410819140813,8.539600174501256,0.0,0.0008956622554627761,8.539600221471305,-1.2488381413383145,59.05444632789706,85.6453644101446,0.029992174930716004,-1.2455204767937174,59.061569144962654,85.59484568210009,0.0033366982775973053,0.02828181892813575,-0.029262509308040308,0.0408324538606575,1 3,1 3,scipy.least_squares,23,True
23,PCC IK,0.0,0.5830274168906602,0.0,-3.219327211082259,-1.6372469352472585,110.18839819806394,0.030059810987601514,0.5046373438662712,0.0,0.5055318398093395,-3.2089320615045587,-1.63196029863035,109.9214119735844,0.26724081223364893,-2.7173168317706775,-1.1295039755844123,110.22113368618967,0.5020103793115815,0.5077429596628462,0.03273548812573779,0.7147649587148036,1 2,1 2,scipy.least_squares,8,True
23,PCC+NN IK,0.0,0.5830274168906602,0.0,-3.219327211082259,-1.6372469352472585,110.18839819806394,5.106982537831944e-09,0.5848343034810116,0.0,0.5848343034810116,-3.2395794865685854,-1.5994934165327872,110.16239667570652,0.050115486654339986,-3.2308997157468133,-1.6438654516086966,110.18770295048078,-0.011572504664554284,-0.006618516361438065,-0.0006952475831525362,0.013349568990781442,1 2,1 2,scipy.least_squares,17,True
24,PCC IK,0.0,0.0,6.6191651472689506,41.37237420132606,-23.097676247554713,95.38027616517446,0.11257218334453621,0.0,6.81887522069476,6.819804379296224,41.19429913218007,-22.998259157982133,95.09159081785603,0.3534596408457359,42.540879804093386,-22.94917224442739,94.70345028800322,1.1685056027673255,0.14850400312732148,-0.6768258771712397,1.3585109681751149,1 3,1 3,scipy.least_squares,8,True
24,PCC+NN IK,0.0,0.0,6.6191651472689506,41.37237420132606,-23.097676247554713,95.38027616517446,2.234938491706728e-17,0.0,6.6254191417414905,6.6254191417414905,41.381419096162766,-23.125919005284626,95.41190096459167,0.043354254981211086,41.40686649465503,-23.11759038239311,95.35210594431706,0.03449229332896664,-0.019914134838398212,-0.028170220857404615,0.04878373098286288,3,1 3,scipy.least_squares,20,True
25,PCC IK,7.8389820910641355,6.643135403273876,0.0,-41.25056192578568,33.00142480156372,90.94000971032361,8.102410524172594,6.792533034490229,0.0,10.572963696469587,-41.16222914030788,32.93075648076489,90.80645108791732,0.17502742120553075,-42.03898502247337,34.21351523386823,89.74576746944177,-0.7884230966876871,1.2120904323045067,-1.1942422408818345,1.8753636248421781,1 2,1 2,scipy.least_squares,7,True
25,PCC+NN IK,7.8389820910641355,6.643135403273876,0.0,-41.25056192578568,33.00142480156372,90.94000971032361,7.841623242203367,6.646151033494093,0.0,10.279220721079913,-41.25303861753495,33.003268286446335,90.9435852514036,0.004724080074262703,-41.26752057661403,33.008101105272395,90.92509988952852,-0.01695865082835013,0.006676303708673004,-0.014909820795082851,0.023547221179362685,1 2,1 2,scipy.least_squares,25,True
26,PCC IK,1.669729199077039,0.0,0.22712073133860478,1.8866232841075898,12.010864433019655,109.48104826161928,1.7742830488495775,0.0,0.2950547569746138,1.7986488392813926,1.8780153015846288,11.956063228951939,109.10720330350313,0.377938251622212,2.314994176514829,12.542214439999196,109.39595500130332,0.42837089240723913,0.5313500069795403,-0.08509326031595776,0.6878047065338615,1 3,1 3,scipy.least_squares,5,True
26,PCC+NN IK,1.669729199077039,0.0,0.22712073133860478,1.8866232841075898,12.010864433019655,109.48104826161928,1.6659009464987613,0.0,0.23277301185451388,1.6820847893591127,1.8866448609180193,12.011063103366153,109.4824825989339,0.0014481916300815346,1.9232790994975992,11.96214033841579,109.48727253803217,0.036655815390009394,-0.048724094603866064,0.006224276412893914,0.06128970397821356,1 3,1 3,scipy.least_squares,19,True
27,PCC IK,0.0,0.0,7.223593505964503,44.640112832569244,-24.984306025944356,92.5426868933919,0.11397583394712309,0.0,7.449193568887899,7.450065457261753,44.44873783011495,-24.877196676904152,92.2680431597906,0.3514626361687168,45.91035258628279,-24.89161199526358,91.68149904856942,1.2702397537135468,0.09269403068077509,-0.8611878448224815,1.53744779401061,1 3,1 3,scipy.least_squares,7,True
27,PCC+NN IK,0.0,0.0,7.223593505964503,44.640112832569244,-24.984306025944356,92.5426868933919,0.0,1.006052165352166e-09,7.221863385869608,7.221863385869608,44.609894581078414,-25.00952172390275,92.52512199250447,0.04309872260145822,44.63095616550172,-24.979019429054002,92.55113721429862,-0.00915666706752205,0.005286596890353934,0.008450320906717934,0.013535160948177046,2 3,2 3,scipy.least_squares,19,True
28,PCC IK,0.0,5.010447751033635,1.5231210271316842,-22.209310667709797,-23.215921914295166,103.46836190038432,0.0,4.967552578918196,1.4326248909939143,5.170008965428604,-22.210366494148843,-23.217025593053208,103.47195735001048,0.0039064221846343925,-22.494247142521562,-22.714650360100524,103.53805170425915,-0.2849364748117651,0.5012715541946413,0.06968980387482304,0.5807913863746416,2 3,2 3,scipy.least_squares,5,True
28,PCC+NN IK,0.0,5.010447751033635,1.5231210271316842,-22.209310667709797,-23.215921914295166,103.46836190038432,0.0,5.011353023885697,1.5186405855630967,5.236404143888031,-22.212570377495723,-23.21942658912808,103.47934049167523,0.011976557114033852,-22.242701270398822,-23.201146516046247,103.46293730940783,-0.03339060268902472,0.014775398248918492,-0.00542459097648873,0.03691437292725763,2 3,2 3,scipy.least_squares,26,True
29,PCC IK,4.461562755740307,3.810212260964825,0.0,-24.16496794697271,19.51923232288997,104.1822329306846,4.561289457150171,3.802559814572862,0.0,5.938419205084271,-24.092716874158754,19.46087158437839,103.95389363241782,0.24650563574765247,-24.117058764702417,20.276614865052863,104.00439059255466,0.04790918227029195,0.7573825421628939,-0.17784233812994898,0.7794559013507197,1 2,1 2,scipy.least_squares,8,True
29,PCC+NN IK,4.461562755740307,3.810212260964825,0.0,-24.16496794697271,19.51923232288997,104.1822329306846,4.4525031096668695,3.8130158811067822,0.0,5.862070798887171,-24.18187258997066,19.53179275503533,104.23363304822043,0.0555473086050304,-24.18276847595114,19.44265358687047,104.19556652848127,-0.017800528978430208,-0.07657873601949916,0.013333597796659546,0.07974300265514936,1 2,1 2,scipy.least_squares,18,True
30,PCC IK,0.0,0.0,3.6181261055339045,23.552652886610648,-12.809455349619713,105.88131606207986,0.10804451794929734,0.0,3.7257511114391315,3.7273173948898988,23.45404244675831,-12.755824711462738,105.55410176595386,0.34593273881815567,24.25208187627214,-12.406281456816162,105.7388176457783,0.6994289896614916,0.40317389280355087,-0.14249841630156368,0.8197901548967991,1 3,1 3,scipy.least_squares,5,True
30,PCC+NN IK,0.0,0.0,3.6181261055339045,23.552652886610648,-12.809455349619713,105.88131606207986,0.0,3.6041406533157513e-07,3.6114610107431484,3.611461010743166,23.53769509663419,-12.820039675375746,105.85910140226493,0.02879678008706718,23.510954223880166,-12.785383305860721,105.8977613439576,-0.04169866273048228,0.024072043758991413,0.016445281877736306,0.05087916135593738,2 3,2 3,scipy.least_squares,29,True
31,PCC IK,0.0,1.1800590212051532,0.0,-7.054439151451942,-3.82005435003184,109.8396670340601,0.034322740275462026,1.1058307460600258,0.0,1.1063632719101308,-7.034856550633476,-3.809450164224612,109.61115217983792,0.22959739896530904,-6.576292357973254,-3.297637571349648,109.90813812884981,0.4781467934786878,0.5224167786821918,0.06847109478971447,0.711499780452764,1 2,1 2,scipy.least_squares,11,True
31,PCC+NN IK,0.0,1.1800590212051532,0.0,-7.054439151451942,-3.82005435003184,109.8396670340601,1.161094289169085e-09,1.1829605306844422,0.0,1.1829605306844422,-7.059869083640103,-3.8057552538605997,109.8165924017664,0.02768369502743151,-7.073122519802578,-3.830636488443485,109.83738589765065,-0.018683368350635554,-0.010582138411645126,-0.0022811364094508235,0.021592903686333334,1 2,1 2,scipy.least_squares,21,True
32,PCC IK,6.997071338107496,0.0,2.6586996145951955,16.254820272400757,42.18028506624759,97.16672642834057,7.214930444788552,0.0,2.626204747480203,7.678031824551412,16.135758941483495,41.87132817318886,96.66169821701591,0.6038902686101825,15.924758741065718,43.7506534498241,96.26414670093376,-0.3300615313350388,1.5703683835765077,-0.9025797274068026,1.8410995733337354,1 3,1 3,scipy.least_squares,6,True
32,PCC+NN IK,6.997071338107496,0.0,2.6586996145951955,16.254820272400757,42.18028506624759,97.16672642834057,6.996638800796082,0.0,2.6581080892320053,7.484550295298032,16.257984970518915,42.18807976004204,97.17973552247989,0.015492226949471706,16.251207943070096,42.17925416889286,97.16818099313952,-0.0036123293306609128,-0.001030897354731053,0.0014545647989478994,0.004028328599243481,1 3,1 3,scipy.least_squares,20,True
33,PCC IK,0.0,7.787509039657946,7.168901891589956,-4.833105961484082,-53.31792130176969,89.92114693407306,0.0,8.053984772453672,7.252898568448013,10.838413553611565,-4.8411139819400315,-53.40626426834004,90.02271999609725,0.13485434758672957,-6.035334196202968,-54.35061278609675,88.8744094197609,-1.202228234718886,-1.03269148432706,-1.04673751431217,1.8993324759044519,2 3,2 3,scipy.least_squares,7,True
33,PCC+NN IK,0.0,7.787509039657946,7.168901891589956,-4.833105961484082,-53.31792130176969,89.92114693407306,0.0,7.790387395580274,7.173198224439147,10.589849316223198,-4.832724746373994,-53.314618488240335,89.9174142818356,0.004998659309819426,-4.825170755350744,-53.34065937350811,89.90176458577103,0.007935206133338646,-0.02273807173842357,-0.019382348302031005,0.03091379673319853,2 3,2 3,scipy.least_squares,19,True
34,PCC IK,0.0,0.9639096215349929,9.026023965438416,48.45172214462941,-34.05014824383935,85.05478143390124,0.0,0.9064510680313842,9.252233519051856,9.296530461941268,48.27858654372409,-33.92847470649222,84.85431241729009,0.29149307472468816,49.82428312496103,-34.39764599486876,83.62236991786914,1.3725609803316203,-0.34749775102940816,-1.4324115160321043,2.0140707740694683,2 3,2 3,scipy.least_squares,7,True
34,PCC+NN IK,0.0,0.9639096215349929,9.026023965438416,48.45172214462941,-34.05014824383935,85.05478143390124,0.0,0.9698923717608894,9.036157581594974,9.08806002688232,48.47408398798908,-34.0662359491219,85.08178632494437,0.03857629375603896,48.467869969327204,-34.1011670411411,85.00926491479453,0.01614782469779641,-0.05101879730175085,-0.045516519106712394,0.07025256886534198,2 3,2 3,scipy.least_squares,25,True
35,PCC IK,2.023633647952303,3.0595662415065252,0.0,-19.24812811030084,4.254844436452096,107.81156310760231,2.080910099227882,3.0095441565180567,0.0,3.658899133769688,-19.20216197909468,4.244683507600668,107.62006017387236,0.19720421729862522,-18.92852625140104,4.861002313573023,107.85912536856316,0.3196018588998015,0.6061578771209266,0.04756226096084504,0.686902386715656,1 2,1 2,scipy.least_squares,8,True
35,PCC+NN IK,2.023633647952303,3.0595662415065252,0.0,-19.24812811030084,4.254844436452096,107.81156310760231,2.0253233593191355,3.068564699419371,0.0,3.676686555082775,-19.25348915708689,4.255835044648416,107.83345727796348,0.02256273084191128,-19.306228777403504,4.234608108808404,107.79812659131747,-0.05810066710266426,-0.02023632764369232,-0.013436516284841105,0.06297409343650989,1 2,1 2,scipy.least_squares,16,True
36,PCC IK,8.566142840923755,0.0,7.585195298352101,46.26557713019059,35.90100673741184,86.34160356576152,9.051650120486896,0.0,7.723148970357554,11.898714212974669,45.864979957085374,35.5901526968113,85.8441322495527,0.7103421993012284,46.60061165306823,38.672724156567874,84.24790816582394,0.3350345228776348,2.771717419156033,-2.093695399937573,3.489731509857539,1 3,1 3,scipy.least_squares,6,True
36,PCC+NN IK,8.566142840923755,0.0,7.585195298352101,46.26557713019059,35.90100673741184,86.34160356576152,8.567284464636796,0.0,7.588251364581236,11.444645991470246,46.22492413993184,35.87032135315117,86.29192355625199,0.07115027595920168,46.28258848760686,35.89762712323667,86.33007389656399,0.017011357416265582,-0.0033796141751736286,-0.011529669197528847,0.020826457810232974,1 3,1 3,scipy.least_squares,19,True
37,PCC IK,4.320930397751037,6.2730884070244315,0.0,-39.564228480978,9.521684600974346,99.30825627382956,4.486321632392219,6.332845697867891,0.0,7.760928837598902,-39.528629427918226,9.513117191502648,99.24415791537136,0.07381932430498073,-39.92484702543672,10.505629893161803,98.9707993935111,-0.3606185444587169,0.9839452921874567,-0.3374568803184559,1.1009410605021723,1 2,1 2,scipy.least_squares,6,True
37,PCC+NN IK,4.320930397751037,6.2730884070244315,0.0,-39.564228480978,9.521684600974346,99.30825627382956,4.320205514081579,6.277961142680829,0.0,7.620824876147678,-39.573499116745744,9.523863633104028,99.32499599011521,0.01925904903894709,-39.593693689461645,9.498956801094897,99.29449165591306,-0.02946520848364287,-0.022727799879449506,-0.013764617916493194,0.03967639228473136,1 2,1 2,scipy.least_squares,24,True
38,PCC IK,0.8444432113988909,4.1580740217060965,0.0,-26.20122728564769,-8.309736246853205,105.3528049352961,0.9346831611812738,4.147889020797002,0.0,4.251895570289107,-26.179065814561373,-8.302707703014597,105.2871599916028,0.06964043266449067,-26.14431312281686,-7.621631714574056,105.44774287595855,0.05691416283082873,0.6881045322791497,0.09493794066244732,0.6969507025974419,1 2,1 2,scipy.least_squares,6,True
38,PCC+NN IK,0.8444432113988909,4.1580740217060965,0.0,-26.20122728564769,-8.309736246853205,105.3528049352961,0.8457874469332946,4.16162289995953,0.0,4.2467000796921734,-26.202285015831034,-8.310096510861708,105.3558718761655,0.003264155264827895,-26.22376428566598,-8.31235608087774,105.34471765130662,-0.022537000018289177,-0.002619834024534029,-0.00808728398948233,0.024087010243428093,1 2,1 2,scipy.least_squares,33,True
39,PCC IK,0.0,4.9399081924451895,0.0,-30.97633486741064,-16.954350268877402,102.01116483451783,0.12959729750728657,4.985225216981306,0.0,4.986909456120844,-30.98568823711861,-16.959469674184138,102.03353807142905,0.02478417974180796,-31.27343505205284,-16.195286775460723,102.05947051363789,-0.29710018464220056,0.7590634934166793,0.04830567912006245,0.816565579355151,1 2,1 2,scipy.least_squares,6,True
39,PCC+NN IK,0.0,4.9399081924451895,0.0,-30.97633486741064,-16.954350268877402,102.01116483451783,0.009335091527352806,4.954291653905723,0.0,4.9543004486903826,-30.97639196217083,-16.95438378579468,102.01130477503973,0.00015481132082623519,-31.065847625611465,-16.93590860941361,101.97727344770358,-0.08951275820082571,0.01844165946379306,-0.03389138681424697,0.09747438014519975,1 2,1 2,scipy.least_squares,21,True
40,PCC IK,0.0,1.0340296772255164,0.0,-6.114594355764721,-3.287085708815839,109.94711735245447,0.033009056909275684,0.9584021008813878,0.0,0.9589703774423366,-6.0969363875565845,-3.277593186454608,109.70906588165303,0.23889414930622652,-5.627964816040539,-2.7687342785082043,110.00711118769549,0.48662953972418244,0.5183514303076349,0.05999383524101631,0.713509477513135,1 2,1 2,scipy.least_squares,11,True
40,PCC+NN IK,0.0,1.0340296772255164,0.0,-6.114594355764721,-3.287085708815839,109.94711735245447,1.0004579461286755e-09,1.0364488330282058,0.0,1.0364488330282058,-6.12423698499122,-3.265766732786895,109.92220831426769,0.034175125760013865,-6.130156087462402,-3.2959207957906873,109.9454546680582,-0.015561731697681047,-0.008835086974848139,-0.0016626843962654902,0.01797194409865908,1 2,1 2,scipy.least_squares,31,True
41,PCC IK,1.705929685368861,9.251201183767972,0.0,-55.43687687104828,-18.226839120299037,85.17519016712697,2.054453498928801,9.543903583963282,0.0,9.76252399737117,-55.60754839192622,-18.282953447335288,85.34837851009775,0.24954315834838112,-56.9874923572494,-16.74512172764312,84.06752918329056,-1.5506154862011243,1.4817173926559164,-1.1076609838364107,2.4138781396042432,1 2,1 2,scipy.least_squares,9,True
41,PCC+NN IK,1.705929685368861,9.251201183767972,0.0,-55.43687687104828,-18.226839120299037,85.17519016712697,1.699650880050903,9.251111783222422,0.0,9.405949305611557,-55.432040529847235,-18.22509667585879,85.17010980826691,0.007227472240499279,-55.43346385759289,-18.267267957222177,85.16504994704235,0.003413013455386249,-0.04042883692314092,-0.010140220084622342,0.04182061189376775,1 2,1 2,scipy.least_squares,21,True
42,PCC IK,5.9091549148141675,0.0,0.22803871029697498,1.0606306663730405,42.389087097066515,98.82376491967703,6.039806469845247,0.0,0.17201785978624726,6.042255567027097,1.0539559203837714,42.12232536222653,98.37880958545595,0.5188367998327112,0.6664107128395548,43.4248620376073,98.1990624328086,-0.3942199535334857,1.035774940540783,-0.6247024868684292,1.272199786321239,1 3,1 3,scipy.least_squares,6,True
42,PCC+NN IK,5.9091549148141675,0.0,0.22803871029697498,1.0606306663730405,42.389087097066515,98.82376491967703,5.912828614035962,0.0,0.21366257153445653,5.916687748515815,1.061231834990685,42.41074308127533,98.86071589881627,0.04283360730906696,0.9684369540422475,42.456614307420885,98.78422202516714,-0.09219371233079299,0.06752721035437048,-0.03954289450989279,0.120926610958039,1 3,1 3,scipy.least_squares,24,True
43,PCC IK,4.823034369429003,0.0,7.827352272502862,49.610931628379106,7.934151690791978,93.5586105993978,5.1563903564341835,0.0,8.075771525412021,9.581568099146562,49.25760729168838,7.877645416351347,93.09476416703484,0.5858195616100096,50.971116299397494,9.50869283295231,92.30153610021105,1.3601846710183878,1.5745411421603315,-1.2570744991867429,2.430950111403885,1 3,1 3,scipy.least_squares,6,True
43,PCC+NN IK,4.823034369429003,0.0,7.827352272502862,49.610931628379106,7.934151690791978,93.5586105993978,4.832196941477904,0.0,7.830830718809441,9.201740978090939,49.61588065928427,7.934800748743825,93.56530730055258,0.008352244577452362,49.62974229044895,7.989708420243834,93.5379630987314,0.018810662069846273,0.055556729451855524,-0.02064750066639931,0.06218287930501115,1 3,1 3,scipy.least_squares,18,True
44,PCC IK,4.907069943545209,0.0,0.0,-0.11420649791672344,36.25867429670093,102.1219098744031,5.040696452048338,0.018299939199267524,0.0,5.040729670342122,-0.1135339525557479,36.045160878456514,101.68505103462128,0.4862448745058359,-0.2592258450020559,37.1225262070696,101.69618824135715,-0.14501934708533248,0.8638519103686662,-0.4257216330459528,0.9739145973441219,1 2,1 2,scipy.least_squares,5,True
44,PCC+NN IK,4.907069943545209,0.0,0.0,-0.11420649791672344,36.25867429670093,102.1219098744031,4.918692871197591,0.00841965909575918,0.0,4.918700077442137,-0.11418165617754863,36.24957745993734,102.10303676350868,0.020951070880706964,-0.16865653665309277,36.310982805071895,102.09610107507655,-0.05445003873636933,0.052308508370963125,-0.025808799326554777,0.07979399030669926,1 2,1 2,scipy.least_squares,24,True
45,PCC IK,5.717280523760754,0.0,4.734894010569538,30.39982008412854,25.940237077323413,100.32508408571393,5.974529968454008,0.0,4.822130132766894,7.677756662026579,30.178177690221947,25.75110910706038,99.79805468025266,0.6022082149334336,30.849675185471096,27.514272006218242,99.55917768858157,0.4498551013425569,1.5740349288948288,-0.7659063971323548,1.807364982164127,1 3,1 3,scipy.least_squares,6,True
45,PCC+NN IK,5.717280523760754,0.0,4.734894010569538,30.39982008412854,25.940237077323413,100.32508408571393,5.723716263339627,0.0,4.735450204892209,7.4286887474326315,30.41078001557974,25.949816543829556,100.35189492697337,0.030507498832198544,30.400715246761855,25.985615464280908,100.30866187127354,0.0008951626333164597,0.045378386957494854,-0.016422214440382277,0.04826684624180583,1 3,1 3,scipy.least_squares,17,True
46,PCC IK,0.0,0.0,5.206724024715378,33.26402378578955,-18.416317952460894,101.0840480659429,0.10996505639768021,0.0,5.3555080804170885,5.356636921898037,33.12134205560811,-18.33732349260447,100.7705000041485,0.3534269201271981,34.194062224044586,-18.137465257181304,100.73055377595418,0.9300384382550391,0.2788526952795891,-0.353494289988717,1.0332901506117198,1 3,1 3,scipy.least_squares,6,True
46,PCC+NN IK,0.0,0.0,5.206724024715378,33.26402378578955,-18.416317952460894,101.0840480659429,9.506960037184335e-09,0.0,5.198163985695523,5.198163985695523,33.2715374793941,-18.417375488091796,101.09740453516494,0.015361290416926639,33.213151460680706,-18.386946731328692,101.11454496068241,-0.05087232510884121,0.029371221132201697,0.03049689473951389,0.06618702804575317,1 3,1 3,scipy.least_squares,28,True
47,PCC IK,0.21612079880330426,8.262919241943578,0.0,-49.83224194832382,-25.224770855000425,87.66026987666132,0.525816581423514,8.532752050406591,0.0,8.548937982639586,-49.9844769173727,-25.30183124988131,87.8402152191098,0.24798007284742066,-51.34283321787912,-23.942456935889172,86.88641203158771,-1.5105912695552988,1.2823139191112531,-0.7738578450736071,2.1272214118857296,1 2,1 2,scipy.least_squares,8,True
47,PCC+NN IK,0.21612079880330426,8.262919241943578,0.0,-49.83224194832382,-25.224770855000425,87.66026987666132,0.21624189202648572,8.27446341142396,0.0,8.277288523596424,-49.82207164534174,-25.21922061110738,87.64813363794796,0.016778812834259665,-49.89061036770184,-25.253296384778846,87.59751215718843,-0.058368419378020064,-0.028525529778420378,-0.06275771947288433,0.09032778965116561,1 2,1 2,scipy.least_squares,23,True
48,PCC IK,5.540361435390494,0.0,1.0857574113544355,6.6723933031228135,37.20849838651571,101.39718566815628,5.685918728931403,0.0,1.0669011409406208,5.785149076432975,6.6295273030809225,36.96945675170735,100.92550394467762,0.5305299665384137,6.501370411324764,38.27912822222955,100.86411768264801,-0.17102289179804941,1.070629835713845,-0.5330679855082678,1.2081632968326197,1 3,1 3,scipy.least_squares,7,True
48,PCC+NN IK,5.540361435390494,0.0,1.0857574113544355,6.6723933031228135,37.20849838651571,101.39718566815628,5.54534693717499,0.0,1.0732545373406501,5.648251760992807,6.675076559260455,37.223086313731905,101.42700812850568,0.033307456000967996,6.589920850266947,37.283326688117526,101.36649403166709,-0.08247245285586668,0.07482830160181919,-0.030691636489194707,0.11551171694274498,1 3,1 3,scipy.least_squares,20,True
49,PCC IK,2.812337838390083,6.594226346919018,0.0,-41.389777967513886,-2.4980573459618496,98.76173075388456,2.987050722693303,6.671522204830994,0.0,7.3096977057533365,-41.396203532079014,-2.498445157498519,98.77270112286105,0.012719562620187152,-41.8677142818452,-1.5091268351788707,98.51022944487676,-0.4779363143313162,0.9889305107829789,-0.2515013090078071,1.1267917217244394,1 2,1 2,scipy.least_squares,6,True
49,PCC+NN IK,2.812337838390083,6.594226346919018,0.0,-41.389777967513886,-2.4980573459618496,98.76173075388456,2.80475030197101,6.59138832897482,0.0,7.163310991416744,-41.40181113917869,-2.4989682722332804,98.7817007545095,0.023332979491411217,-41.37203444935447,-2.5427685191101155,98.77037401596166,0.01774351815941344,-0.04471117314826589,0.008643262077100644,0.04887358612073697,1 2,1 2,scipy.least_squares,24,True
